delx,logdelx,Euler,AdamsBashforth,LogAbsErrEuler,LogAbsErrAdamsBashforth
3.141592654,0.497149873,0.636619772,0.091079848,-0.196119877,-1.040577702
1.570796327,0.196119877,0.636619772,0.091079848,-0.196119877,-1.040577702
1.047197551,0.020028618,0.477464829,-0.015023447,-0.321058614,-1.823230406
0.785398163,-0.104910119,0.372923229,-0.084717848,-0.428380565,-1.072025087
0.523598776,-0.281001378,0.255872631,-0.162751579,-0.591976166,-0.788474788
